<q:quakeml xmlns:q="http://quakeml.org/xmlns/quakeml-rt/1.2" xmlns="http://quakeml.org/xmlns/bed-rt/1.2" xmlns:vs="http://quakeml.org/xmlns/vstypes/0.1">
  <eventParameters publicID="smi:ch.ethz.sed/sc3a/NA">
    <magnitude publicID="smi:ch.ethz.sed/sc3a/Magnitude#20150126114703.414951.164816533">
      <originID>smi:ch.ethz.sed/sc3a/smi_ch.ethz.sed/sc3a/Origin/20150126114701.669413.114578</originID>
      <mag>
        <value>1.669998884</value>
      </mag>
      <type>MVS</type>
      <stationCount>3</stationCount>
    </magnitude>
    <pick publicID="smi:ch.ethz.sed/sc3a/smi_ch.ethz.sed/sc3a/Pick/NLoT_apick/20150126114637.5322.59594">
      <time>
        <value>2015-01-26T11:46:28.829999Z</value>
      </time>
      <waveformID networkCode="GU" stationCode="RSP" channelCode="HHZ"/>
    </pick>
    <pick publicID="smi:ch.ethz.sed/sc3a/smi_ch.ethz.sed/sc3a/Pick/NLoT_apick/20150126114638.493394.59596">
      <time>
        <value>2015-01-26T11:46:32.87Z</value>
      </time>
      <waveformID networkCode="GU" stationCode="LSD" channelCode="HHZ"/>
    </pick>
    <pick publicID="smi:ch.ethz.sed/sc3a/smi_ch.ethz.sed/sc3a/Pick/NLoT_apick/20150126114644.592831.59599">
      <time>
        <value>2015-01-26T11:46:40.235495Z</value>
      </time>
      <waveformID networkCode="FR" stationCode="RSL" locationCode="00" channelCode="HHZ"/>
    </pick>
    <pick publicID="smi:ch.ethz.sed/sc3a/smi_ch.ethz.sed/sc3a/Pick/NLoT_apick/20150126114652.687286.59603">
      <time>
        <value>2015-01-26T11:46:49.435999Z</value>
      </time>
      <waveformID networkCode="CH" stationCode="SVAM" channelCode="HGZ"/>
    </pick>
    <pick publicID="smi:ch.ethz.sed/sc3a/smi_ch.ethz.sed/sc3a/Pick/NLoT_apick/20150126114658.076183.59607">
      <time>
        <value>2015-01-26T11:46:52.29Z</value>
      </time>
      <waveformID networkCode="IV" stationCode="SALO" channelCode="HHZ"/>
    </pick>
    <pick publicID="smi:ch.ethz.sed/sc3a/smi_ch.ethz.sed/sc3a/Pick/NLoT_apick/20150126114655.165111.59605">
      <time>
        <value>2015-01-26T11:46:52.230299Z</value>
      </time>
      <waveformID networkCode="IV" stationCode="BRMO" channelCode="HHZ"/>
    </pick>
    <origin publicID="smi:ch.ethz.sed/sc3a/smi_ch.ethz.sed/sc3a/Origin/20150126114701.669413.114578">
      <time>
        <value>2015-01-26T11:46:19.260782Z</value>
        <uncertainty>0.6948778315</uncertainty>
      </time>
      <latitude>
        <value>45.2569046</value>
        <uncertainty>11.0068307</uncertainty>
      </latitude>
      <longitude>
        <value>7.997389793</value>
        <uncertainty>3.808727336</uncertainty>
      </longitude>
      <depth>
        <value>10000</value>
        <uncertainty>0</uncertainty>
      </depth>
      <arrival publicID="smi:ch.ethz.sed/sc3a/smi_ch.ethz.sed/sc3a/Pick/NLoT_apick/20150126114637.5322.59594#smi_ch.ethz.sed/sc3a/Origin/20150126114701.669413.114578">
        <pickID>smi:ch.ethz.sed/sc3a/smi_ch.ethz.sed/sc3a/Pick/NLoT_apick/20150126114637.5322.59594</pickID>
        <phase>P</phase>
      </arrival>
      <arrival publicID="smi:ch.ethz.sed/sc3a/smi_ch.ethz.sed/sc3a/Pick/NLoT_apick/20150126114638.493394.59596#smi_ch.ethz.sed/sc3a/Origin/20150126114701.669413.114578">
        <pickID>smi:ch.ethz.sed/sc3a/smi_ch.ethz.sed/sc3a/Pick/NLoT_apick/20150126114638.493394.59596</pickID>
        <phase>P</phase>
      </arrival>
      <arrival publicID="smi:ch.ethz.sed/sc3a/smi_ch.ethz.sed/sc3a/Pick/NLoT_apick/20150126114644.592831.59599#smi_ch.ethz.sed/sc3a/Origin/20150126114701.669413.114578">
        <pickID>smi:ch.ethz.sed/sc3a/smi_ch.ethz.sed/sc3a/Pick/NLoT_apick/20150126114644.592831.59599</pickID>
        <phase>P</phase>
      </arrival>
      <arrival publicID="smi:ch.ethz.sed/sc3a/smi_ch.ethz.sed/sc3a/Pick/NLoT_apick/20150126114652.687286.59603#smi_ch.ethz.sed/sc3a/Origin/20150126114701.669413.114578">
        <pickID>smi:ch.ethz.sed/sc3a/smi_ch.ethz.sed/sc3a/Pick/NLoT_apick/20150126114652.687286.59603</pickID>
        <phase>P</phase>
      </arrival>
      <arrival publicID="smi:ch.ethz.sed/sc3a/smi_ch.ethz.sed/sc3a/Pick/NLoT_apick/20150126114658.076183.59607#smi_ch.ethz.sed/sc3a/Origin/20150126114701.669413.114578">
        <pickID>smi:ch.ethz.sed/sc3a/smi_ch.ethz.sed/sc3a/Pick/NLoT_apick/20150126114658.076183.59607</pickID>
        <phase>P</phase>
      </arrival>
      <arrival publicID="smi:ch.ethz.sed/sc3a/smi_ch.ethz.sed/sc3a/Pick/NLoT_apick/20150126114655.165111.59605#smi_ch.ethz.sed/sc3a/Origin/20150126114701.669413.114578">
        <pickID>smi:ch.ethz.sed/sc3a/smi_ch.ethz.sed/sc3a/Pick/NLoT_apick/20150126114655.165111.59605</pickID>
        <phase>P</phase>
      </arrival>
    </origin>
    <event publicID="smi:ch.ethz.sed/sc3a/smi_ch.ethz.sed/sc3a/2015buuora">
      <preferredOriginID>smi:ch.ethz.sed/sc3a/smi_ch.ethz.sed/sc3a/Origin/20150126114701.669413.114578</preferredOriginID>
      <preferredMagnitudeID>smi:ch.ethz.sed/sc3a/Magnitude#20150126114703.414951.164816533</preferredMagnitudeID>
      <vs:likelihood>0.12</vs:likelihood>
    </event>
  </eventParameters>
</q:quakeml>
