<q:quakeml xmlns:q="http://quakeml.org/xmlns/quakeml-rt/1.2" xmlns="http://quakeml.org/xmlns/bed-rt/1.2" xmlns:vs="http://quakeml.org/xmlns/vstypes/0.1">
  <eventParameters publicID="smi:ch.ethz.sed/sc3a/NA">
    <magnitude publicID="smi:ch.ethz.sed/sc3a/Magnitude#20150126114704.42184.164817524">
      <originID>smi:ch.ethz.sed/sc3a/smi_ch.ethz.sed/sc3a/origin/NLL.20150126114701.692225.11414</originID>
      <mag>
        <value>2.089998484</value>
      </mag>
      <type>MVS</type>
      <stationCount>4</stationCount>
    </magnitude>
    <pick publicID="smi:ch.ethz.sed/sc3a/smi_ch.ethz.sed/sc3a/Pick/NLoT_apick/20150126114637.5322.59594">
      <time>
        <value>2015-01-26T11:46:28.829999Z</value>
      </time>
      <waveformID networkCode="GU" stationCode="RSP" channelCode="HHZ"/>
    </pick>
    <pick publicID="smi:ch.ethz.sed/sc3a/smi_ch.ethz.sed/sc3a/Pick/NLoT_apick/20150126114638.493394.59596">
      <time>
        <value>2015-01-26T11:46:32.87Z</value>
      </time>
      <waveformID networkCode="GU" stationCode="LSD" channelCode="HHZ"/>
    </pick>
    <pick publicID="smi:ch.ethz.sed/sc3a/smi_ch.ethz.sed/sc3a/Pick/NLoT_apick/20150126114644.592831.59599">
      <time>
        <value>2015-01-26T11:46:40.235495Z</value>
      </time>
      <waveformID networkCode="FR" stationCode="RSL" locationCode="00" channelCode="HHZ"/>
    </pick>
    <pick publicID="smi:ch.ethz.sed/sc3a/smi_ch.ethz.sed/sc3a/Pick/NLoT_apick/20150126114658.076183.59607">
      <time>
        <value>2015-01-26T11:46:52.29Z</value>
      </time>
      <waveformID networkCode="IV" stationCode="SALO" channelCode="HHZ"/>
    </pick>
    <pick publicID="smi:ch.ethz.sed/sc3a/smi_ch.ethz.sed/sc3a/Pick/NLoT_apick/20150126114652.687286.59603">
      <time>
        <value>2015-01-26T11:46:49.435999Z</value>
      </time>
      <waveformID networkCode="CH" stationCode="SVAM" channelCode="HGZ"/>
    </pick>
    <pick publicID="smi:ch.ethz.sed/sc3a/smi_ch.ethz.sed/sc3a/Pick/NLoT_apick/20150126114655.165111.59605">
      <time>
        <value>2015-01-26T11:46:52.230299Z</value>
      </time>
      <waveformID networkCode="IV" stationCode="BRMO" channelCode="HHZ"/>
    </pick>
    <origin publicID="smi:ch.ethz.sed/sc3a/smi_ch.ethz.sed/sc3a/origin/NLL.20150126114701.692225.11414">
      <time>
        <value>2015-01-26T11:46:18.001435Z</value>
      </time>
      <latitude>
        <value>45.15327188</value>
        <uncertainty>33.29455405</uncertainty>
      </latitude>
      <longitude>
        <value>8.188429662</value>
        <uncertainty>28.94987256</uncertainty>
      </longitude>
      <depth>
        <value>8609.375</value>
        <uncertainty>14810.07073</uncertainty>
      </depth>
      <originUncertainty>
        <horizontalUncertainty>54.39682667</horizontalUncertainty>
        <minHorizontalUncertainty>38.96430269</minHorizontalUncertainty>
        <maxHorizontalUncertainty>54.39682667</maxHorizontalUncertainty>
        <azimuthMaxHorizontalUncertainty>147.7877836</azimuthMaxHorizontalUncertainty>
        <confidenceEllipsoid>
          <semiMajorAxisLength>68.17683395</semiMajorAxisLength>
          <semiMinorAxisLength>25.37592598</semiMinorAxisLength>
          <semiIntermediateAxisLength>48.51621145</semiIntermediateAxisLength>
          <majorAxisPlunge>80.55899659</majorAxisPlunge>
          <majorAxisAzimuth>123.0533175</majorAxisAzimuth>
          <majorAxisRotation>168.4459196</majorAxisRotation>
        </confidenceEllipsoid>
      </originUncertainty>
      <arrival publicID="smi:ch.ethz.sed/sc3a/smi_ch.ethz.sed/sc3a/Pick/NLoT_apick/20150126114637.5322.59594#smi_ch.ethz.sed/sc3a/origin/NLL.20150126114701.692225.11414">
        <pickID>smi:ch.ethz.sed/sc3a/smi_ch.ethz.sed/sc3a/Pick/NLoT_apick/20150126114637.5322.59594</pickID>
        <phase>P</phase>
        <timeCorrection>0</timeCorrection>
      </arrival>
      <arrival publicID="smi:ch.ethz.sed/sc3a/smi_ch.ethz.sed/sc3a/Pick/NLoT_apick/20150126114638.493394.59596#smi_ch.ethz.sed/sc3a/origin/NLL.20150126114701.692225.11414">
        <pickID>smi:ch.ethz.sed/sc3a/smi_ch.ethz.sed/sc3a/Pick/NLoT_apick/20150126114638.493394.59596</pickID>
        <phase>P</phase>
        <timeCorrection>0</timeCorrection>
      </arrival>
      <arrival publicID="smi:ch.ethz.sed/sc3a/smi_ch.ethz.sed/sc3a/Pick/NLoT_apick/20150126114644.592831.59599#smi_ch.ethz.sed/sc3a/origin/NLL.20150126114701.692225.11414">
        <pickID>smi:ch.ethz.sed/sc3a/smi_ch.ethz.sed/sc3a/Pick/NLoT_apick/20150126114644.592831.59599</pickID>
        <phase>P</phase>
        <timeCorrection>0</timeCorrection>
      </arrival>
      <arrival publicID="smi:ch.ethz.sed/sc3a/smi_ch.ethz.sed/sc3a/Pick/NLoT_apick/20150126114658.076183.59607#smi_ch.ethz.sed/sc3a/origin/NLL.20150126114701.692225.11414">
        <pickID>smi:ch.ethz.sed/sc3a/smi_ch.ethz.sed/sc3a/Pick/NLoT_apick/20150126114658.076183.59607</pickID>
        <phase>P</phase>
        <timeCorrection>0</timeCorrection>
      </arrival>
      <arrival publicID="smi:ch.ethz.sed/sc3a/smi_ch.ethz.sed/sc3a/Pick/NLoT_apick/20150126114652.687286.59603#smi_ch.ethz.sed/sc3a/origin/NLL.20150126114701.692225.11414">
        <pickID>smi:ch.ethz.sed/sc3a/smi_ch.ethz.sed/sc3a/Pick/NLoT_apick/20150126114652.687286.59603</pickID>
        <phase>P</phase>
        <timeCorrection>0</timeCorrection>
      </arrival>
      <arrival publicID="smi:ch.ethz.sed/sc3a/smi_ch.ethz.sed/sc3a/Pick/NLoT_apick/20150126114655.165111.59605#smi_ch.ethz.sed/sc3a/origin/NLL.20150126114701.692225.11414">
        <pickID>smi:ch.ethz.sed/sc3a/smi_ch.ethz.sed/sc3a/Pick/NLoT_apick/20150126114655.165111.59605</pickID>
        <phase>P</phase>
        <timeCorrection>0</timeCorrection>
      </arrival>
    </origin>
    <event publicID="smi:ch.ethz.sed/sc3a/smi_ch.ethz.sed/sc3a/2015buuora">
      <preferredOriginID>smi:ch.ethz.sed/sc3a/smi_ch.ethz.sed/sc3a/origin/NLL.20150126114701.692225.11414</preferredOriginID>
      <preferredMagnitudeID>smi:ch.ethz.sed/sc3a/Magnitude#20150126114704.42184.164817524</preferredMagnitudeID>
      <vs:likelihood>0.12</vs:likelihood>
    </event>
  </eventParameters>
</q:quakeml>
